tconst,titleType,startYear,runtimeMinutes,averageRating,numVotes
tt0000574,movie,1906,575,6.1,698
tt0000591,movie,1907,489,5.2,16
tt0000679,movie,1908,480,5.3,65
tt0001184,movie,1910,450,3.4,19
tt0001258,movie,1910,440,5.7,132
tt0001285,movie,1909,421,5.4,56
tt0001498,movie,1911,420,7.7,12
tt0001592,movie,1911,418,5.5,12
tt0001630,movie,1911,402,5.7,25
tt0001790,movie,1913,400,6,44
tt0001812,movie,1911,374,6.3,13
tt0001892,movie,1911,360,5.9,214
tt0001911,movie,1911,360,5,20
tt0001964,movie,1911,360,6,75
tt0002026,movie,1912,360,4,13
tt0002101,movie,1912,350,5.1,520
tt0002130,movie,1911,330,7,2673
tt0002153,movie,1912,320,5.8,63
tt0002186,movie,1912,310,6.3,110
tt0002199,movie,1912,310,5.8,571
tt0002423,movie,1919,310,6.8,858
tt0002445,movie,1913,310,6.2,347
tt0002452,movie,1912,310,6.5,232
tt0002461,movie,1912,300,5.7,265
tt0002500,movie,1912,300,5.8,11
tt0002514,movie,1912,300,4.2,18
tt0002588,movie,1912,300,6,33
tt0002628,movie,1913,300,5.7,86
tt0002646,movie,1913,300,6.6,396
tt0002669,movie,1913,300,6.6,37
tt0002767,movie,1913,300,6,62
tt0002801,movie,1913,300,5.1,20
tt0002822,movie,1913,300,4.3,42
tt0002832,movie,1914,300,7.8,21
tt0002844,movie,1913,300,7,2175
tt0002885,movie,1913,300,6,107
tt0002898,movie,1913,280,7,134
tt0002917,movie,1913,223,5.7,32
tt0002922,movie,1913,220,5.2,63
tt0002973,movie,1913,207,5.6,10
tt0003006,movie,1913,200,6.3,23
tt0003014,movie,1913,199,7,1148
tt0003015,movie,1913,195,4.5,53
tt0003022,movie,1913,195,5.7,72
tt0003037,movie,1913,180,7,1500
tt0003102,movie,1914,170,6.3,124
tt0003131,movie,1914,166,6.7,151
tt0003159,movie,1913,163,5.9,46
tt0003165,movie,1913,163,7,1174
tt0003167,movie,1914,152,5.8,245
tt0003227,movie,1913,150,3.3,11
tt0003241,movie,1913,148,5.1,20
tt0003309,movie,1914,148,4.8,28
tt0003316,movie,1913,145,7.2,16
tt0003330,movie,1913,140,6.3,108
tt0003362,movie,1913,138,5.7,24
tt0003365,movie,1913,136,5.4,20
tt0003419,movie,1913,135,6.5,2005
tt0003431,movie,1913,135,5.7,12
tt0003471,movie,1913,133,6,661
tt0003489,movie,1913,131,6.1,540
tt0003502,movie,1914,126,5.5,31
tt0003565,movie,1913,125,5.8,30
tt0003596,movie,1914,124,6.2,64
tt0003637,movie,1915,122,6.4,435
tt0003643,movie,1914,121,6.4,1254
tt0003657,movie,1914,121,6.5,191
tt0003665,movie,1914,121,6.4,98
tt0003668,movie,1914,120,6.1,22
tt0003670,movie,1914,120,6.5,34
tt0003675,movie,1914,120,6.9,21
tt0003724,movie,1914,120,6.1,31
tt0003731,movie,1914,119,5.3,19
tt0003740,movie,1914,117,7.1,3422
tt0003748,movie,1914,116,8.3,16
tt0003772,movie,1914,116,6,1005
tt0003816,movie,1914,116,5.9,31
tt0003870,movie,1914,115,4.5,14
tt0003883,movie,1913,112,7.4,361
tt0003884,movie,1914,112,6.8,85
tt0003890,movie,1914,112,6.1,51
tt0003897,movie,1914,112,6.5,88
tt0003930,movie,1914,112,6.9,1283
tt0003952,movie,1914,111,6.9,1048
tt0003960,movie,1914,110,5.6,25
tt0003973,movie,1914,110,5.7,242
tt0004013,movie,1914,110,5.2,36
tt0004022,movie,1914,110,6.2,51
tt0004026,movie,1915,110,6.8,1138
tt0004027,movie,1914,110,5.9,24
tt0004052,movie,1914,109,7.1,107
tt0004066,movie,1914,109,6.9,582
tt0004099,movie,1914,109,5.2,473
tt0004121,movie,1914,108,5.5,90
tt0004134,movie,1915,108,6.5,585
tt0004150,movie,1914,106,5.8,464
tt0004164,movie,1914,105,3.6,48
tt0004167,movie,1914,105,8,19
tt0004179,movie,1914,105,5.5,43
tt0004181,movie,1914,100,6.1,1338
tt0004208,movie,1914,100,5.6,18
tt0004223,movie,1914,100,6.5,62
tt0004272,movie,1914,100,6.7,24
tt0004307,movie,1914,100,6.7,18
tt0004313,movie,1914,100,5.4,22
tt0004319,movie,1914,100,5.3,32
tt0004345,movie,1914,100,4.7,11
tt0004387,movie,1914,100,5.8,39
tt0004390,movie,1914,100,5.8,100
tt0004391,movie,1914,100,6.6,46
tt0004457,movie,1914,99,5.5,460
tt0004465,movie,1914,99,6.3,1023
tt0004525,movie,1914,97,5.8,47
tt0004545,movie,1914,97,3.3,42
tt0004555,movie,1914,97,6.1,59
tt0004571,movie,1914,97,5.9,24
tt0004573,movie,1914,96,4.4,13
tt0004593,movie,1914,96,6.2,52
tt0004630,movie,1914,95,6.3,78
tt0004635,movie,1914,95,5.7,957
tt0004681,movie,1914,95,6,226
tt0004707,movie,1914,94,6.3,3454
tt0004712,movie,1915,93,6.2,194
tt0004727,movie,1914,93,2.3,22
tt0004743,movie,1914,93,5.4,152
tt0004766,movie,1914,92,5.6,210
tt0004786,movie,1914,92,5.2,7
tt0004825,movie,1914,92,6.4,294
tt0004832,movie,1914,92,6.2,24
tt0004837,movie,1914,91,6.9,28
tt0004838,movie,1914,90,5.7,171
tt0004847,movie,1914,90,4.2,22
tt0004866,movie,1915,90,4.9,22
tt0004872,movie,1915,90,6.6,244
tt0004873,movie,1915,90,6.2,483
tt0004905,movie,1915,90,5.6,43
tt0004942,movie,1915,90,4.3,17
tt0004972,movie,1915,90,6.2,23893
tt0004974,movie,1915,90,3.7,24
tt0005005,movie,1915,90,6.5,27
tt0005041,movie,1915,90,6.8,64
tt0005059,movie,1915,90,6.5,117
tt0005060,movie,1915,90,6.4,984
tt0005078,movie,1915,90,6.6,2507
tt0005084,movie,1915,90,6.4,104
tt0005087,movie,1915,90,4.9,22
tt0005149,movie,1915,90,6,289
tt0005160,movie,1915,89,5,32
tt0005163,movie,1915,88,6.6,24
tt0005172,movie,1915,88,6.5,24
tt0005179,movie,1915,88,5.9,50
tt0005180,movie,1915,88,7.4,25
tt0005190,movie,1915,88,7.4,22
tt0005200,movie,1915,88,6.9,38
tt0005209,movie,1915,87,5.6,43
tt0005214,movie,1915,87,4.8,63
tt0005231,movie,1915,87,3.1,40
tt0005250,movie,1915,87,7.2,19
tt0005302,movie,1915,86,6.5,181
tt0005339,movie,1915,86,5.8,893
tt0005377,movie,1915,85,6.6,20
tt0005381,movie,1915,85,5.5,73
tt0005393,movie,1915,85,5.4,51
tt0005402,movie,1915,85,6.6,225
tt0005460,movie,1915,85,5.3,62
tt0005522,movie,1915,85,6,51
tt0005529,movie,1916,85,6.8,319
tt0005535,movie,1915,85,7.5,37
tt0005553,movie,1915,85,4.8,20
tt0005557,movie,1915,85,6.6,366
tt0005561,movie,1915,85,8.2,17
tt0005566,movie,1915,84,6.6,15
tt0005579,movie,1915,84,5.9,27
tt0005589,movie,1915,84,6.6,31
tt0005592,movie,1915,84,7.1,21
tt0005600,movie,1915,83,5.7,61
tt0005613,movie,1916,83,6.8,19
tt0005615,movie,1915,83,6.5,52
tt0005621,movie,1915,83,6.9,55
tt0005644,movie,1915,82,7,16
tt0005680,movie,1915,82,5.9,168
tt0005682,movie,1915,82,5.2,79
tt0005683,movie,1915,82,5.9,43
tt0005719,movie,1915,81,5.5,179
tt0005746,movie,1915,81,5,19
tt0005752,movie,1916,81,8.2,16
tt0005809,movie,1915,81,6.1,321
tt0005811,movie,1916,81,7.5,16
tt0005823,movie,1915,80,7,39
tt0005831,movie,1915,80,6.6,20
tt0005832,movie,1915,80,5.7,63
tt0005879,movie,1915,80,7.4,26
tt0005901,movie,1915,80,5.6,18
tt0005905,movie,1915,80,7.1,27
tt0005916,movie,1915,80,6.9,872
tt0005928,movie,1915,80,5.5,27
tt0005945,movie,1915,80,8.1,38
tt0005951,movie,1917,80,6.9,695
tt0005955,movie,1915,80,5.6,101
tt0005960,movie,1915,80,6.9,1245
tt0006008,movie,1915,80,6.1,37
tt0006102,movie,1914,80,5.3,55
tt0006128,movie,1915,80,7,14
tt0006140,movie,1915,80,6.5,20
tt0006182,movie,1915,80,6.1,107
tt0006201,movie,1915,80,2.4,25
tt0006204,movie,1916,80,6.5,19
tt0006206,movie,1915,80,7.3,4577
tt0006217,movie,1915,80,7.5,16
tt0006243,movie,1915,80,5.9,23
tt0006276,movie,1915,80,6.6,35
tt0006280,movie,1915,80,2,20
tt0006283,movie,1915,80,6.8,32
tt0006318,movie,1915,80,5.3,18
tt0006327,movie,1915,80,6,180
tt0006333,movie,1916,80,6.2,1682
tt0006339,movie,1916,80,5.1,44
tt0006343,movie,1916,80,5.9,27
tt0006357,movie,1916,80,6.5,95
tt0006358,movie,1916,79,7.6,21
tt0006359,movie,1916,78,6.1,85
tt0006371,movie,1916,78,9.2,18
tt0006375,movie,1916,78,6.5,48
tt0006385,movie,1916,78,7,18
tt0006386,movie,1915,78,6.3,38
tt0006397,movie,1916,77,5.8,57
tt0006405,movie,1916,77,6.7,397
tt0006409,movie,1916,77,7.4,72
tt0006413,movie,1916,77,5.5,17
tt0006417,movie,1916,77,6.2,16
tt0006419,movie,1917,77,4.2,14
tt0006426,movie,1916,76,5.7,54
tt0006434,movie,1917,76,4.8,17
tt0006436,movie,1917,76,5.8,18
tt0006437,movie,1916,75,7.7,27
tt0006481,movie,1918,75,6,67
tt0006482,movie,1916,75,6.4,105
tt0006489,movie,1916,75,5.5,30
tt0006505,movie,1916,75,7.5,17
tt0006508,movie,1916,75,6.9,49
tt0006509,movie,1916,75,4.7,589
tt0006511,movie,1916,75,6.2,73
tt0006517,movie,1915,75,6,354
tt0006547,movie,1916,75,8.1,85
tt0006557,movie,1916,75,6.5,21
tt0006564,movie,1916,75,5.6,82
tt0006568,movie,1916,74,7.2,58
tt0006570,movie,1916,74,6,19
tt0006588,movie,1916,74,6.2,13
tt0006589,movie,1916,74,6.7,158
tt0006592,movie,1916,74,6,83
tt0006614,movie,1916,74,6.5,216
tt0006617,movie,1916,73,6.2,253
tt0006621,movie,1916,73,5.7,31
tt0006631,movie,1916,73,6.2,20
tt0006679,movie,1916,73,4.9,35
tt0006688,movie,1916,73,6.4,179
tt0006692,movie,1916,73,5.3,34
tt0006706,movie,1916,73,6,20
tt0006713,movie,1916,73,6.1,29
tt0006731,movie,1916,73,5.4,644
tt0006736,movie,1916,73,6.6,220
tt0006745,movie,1916,73,6,514
tt0006753,movie,1916,73,6.7,184
tt0006761,movie,1915,73,5.7,71
tt0006770,movie,1916,73,6.7,19
tt0006773,movie,1916,72,6.2,38
tt0006780,movie,1916,72,6.8,948
tt0006809,movie,1916,72,5.9,159
tt0006819,movie,1916,72,6.3,49
tt0006820,movie,1916,72,6.1,90
tt0006826,movie,1916,72,5.6,890
tt0006846,movie,1916,72,5.7,32
tt0006847,movie,1916,72,6.7,19
tt0006861,movie,1916,72,6.3,55
tt0006864,movie,1916,72,7.7,14980
tt0006865,movie,1916,72,6.6,23
tt0006874,movie,1916,72,7,17
tt0006886,movie,1916,72,7.4,964
tt0006895,movie,1916,72,5.7,85
tt0006914,movie,1916,71,5.7,46
tt0006917,movie,1916,71,4.2,23
tt0006932,movie,1916,71,6.6,49
tt0006942,movie,1916,71,7.8,24
tt0006943,movie,1916,71,5.6,40
tt0006995,movie,1916,71,6.7,33
tt0006997,movie,1916,71,6,100
tt0007031,movie,1916,71,6.4,89
tt0007034,movie,1916,70,7.7,37
tt0007038,movie,1916,70,7.7,24
tt0007047,movie,1916,70,6,618
tt0007070,movie,1916,70,4.8,8
tt0007100,movie,1916,70,7.6,28
tt0007111,movie,1917,70,6.1,20
tt0007116,movie,1916,70,6.1,18
tt0007117,movie,1915,70,5.4,20
tt0007118,movie,1916,70,8.1,40
tt0007142,movie,1916,70,7.2,31
tt0007160,movie,1916,70,7.4,18
tt0007167,movie,1916,70,5.4,26
tt0007183,movie,1916,70,6.9,697
tt0007188,movie,1916,70,6.3,28
tt0007201,movie,1916,70,8,18
tt0007202,movie,1916,70,6,74
tt0007229,movie,1916,70,8.2,19
tt0007240,movie,1917,70,6.4,40
tt0007255,movie,1916,70,4.8,19
tt0007257,movie,1916,70,5,603
tt0007259,movie,1916,70,4.6,8
tt0007260,movie,1916,70,6.4,173
tt0007263,movie,1916,70,5.3,38
tt0007272,movie,1916,70,7.4,26
tt0007278,movie,1915,70,6.3,40
tt0007297,movie,1917,70,6.3,22
tt0007309,movie,1916,70,5.6,225
tt0007326,movie,1916,70,9,16
tt0007338,movie,1916,70,6.3,387
tt0007340,movie,1916,70,6.9,521
tt0007353,movie,1916,70,5.6,24
tt0007361,movie,1916,70,6.3,393
tt0007367,movie,1916,70,5.4,548
tt0007368,movie,1916,70,6.4,106
tt0007375,movie,1915,70,2.8,42
tt0007407,movie,1916,70,6.3,14
tt0007410,movie,1916,70,5.5,21
tt0007418,movie,1916,70,5,9
tt0007422,movie,1918,70,5.8,32
tt0007453,movie,1916,70,7.4,38
tt0007454,movie,1916,70,6.2,42
tt0007459,movie,1916,70,6.6,112
tt0007462,movie,1916,70,6.8,24
tt0007473,movie,1916,70,7,30
tt0007498,movie,1916,70,6.4,22
tt0007499,movie,1916,70,3.8,19
tt0007506,movie,1916,69,6.1,17
tt0007516,movie,1916,69,5.5,15
tt0007518,movie,1916,69,5.5,15
tt0007522,movie,1916,69,5.7,131
tt0007539,movie,1916,69,8,25
tt0007558,movie,1916,69,6.3,705
tt0007590,movie,1916,69,6.2,54
tt0007610,movie,1917,69,5.8,314
tt0007614,movie,1917,69,6.7,22
tt0007617,movie,1917,68,5.7,108
tt0007618,movie,1917,68,6.6,18
tt0007620,movie,1917,68,5.3,44
tt0007646,movie,1917,68,7.2,61
tt0007669,movie,1917,68,6.7,26
tt0007678,movie,1917,68,6.7,15
tt0007684,movie,1917,68,6.6,17
tt0007698,movie,1917,68,5,67
tt0007699,movie,1917,68,5.4,55
tt0007702,movie,1917,68,7.2,32
tt0007755,movie,1917,68,6,552
tt0007778,movie,1917,68,7.2,28
tt0007795,movie,1917,68,7.2,76
tt0007801,movie,1917,68,6.5,349
tt0007811,movie,1917,67,6.7,21
tt0007834,movie,1917,67,7.2,18
tt0007857,movie,1917,67,7.4,19
tt0007867,movie,1917,67,7.2,53
tt0007873,movie,1917,67,6.3,66
tt0007903,movie,1917,67,6.7,21
tt0007927,movie,1917,67,7.5,27
tt0007931,movie,1917,67,6.8,47
tt0007942,movie,1917,67,5,46
tt0007952,movie,1917,67,7,15
tt0007983,movie,1917,66,6.2,162
tt0007986,movie,1917,66,4.6,22
tt0007992,movie,1917,66,6.6,49
tt0007998,movie,1917,66,7.1,27
tt0008004,movie,1917,66,7.3,18
tt0008011,movie,1917,66,6.1,159
tt0008022,movie,1917,66,4.6,22
tt0008029,movie,1917,66,6.6,37
tt0008036,movie,1917,66,6.9,23
tt0008041,movie,1917,66,7.3,30
tt0008051,movie,1917,66,5.8,12
tt0008060,movie,1917,65,5.3,97
tt0008091,movie,1917,65,6.6,18
tt0008099,movie,1917,65,5.9,120
tt0008100,movie,1918,65,6.5,682
tt0008122,movie,1916,65,6.7,44
tt0008134,movie,1917,65,7,22
tt0008144,movie,1917,65,5.3,30
tt0008150,movie,1916,65,6.5,574
tt0008151,movie,1917,65,4.2,14
tt0008161,movie,1917,65,6.1,64
tt0008188,movie,1917,65,6.1,675
tt0008195,movie,1917,65,4,16
tt0008196,movie,1917,65,5.9,685
tt0008217,movie,1917,65,7.2,36
tt0008241,movie,1917,65,6.6,20
tt0008252,movie,1917,65,6.3,112
tt0008259,movie,1917,65,6.3,59
tt0008260,movie,1917,65,5,14
tt0008266,movie,1917,65,5.3,22
tt0008271,movie,1917,65,4.4,45
tt0008279,movie,1917,65,6.4,130
tt0008285,movie,1917,64,5.8,12
tt0008305,movie,1917,64,6.5,32
tt0008309,movie,1917,64,6.7,298
tt0008319,movie,1917,64,6.1,95
tt0008329,movie,1917,64,5.9,94
tt0008353,movie,1917,64,6,23
tt0008355,movie,1917,63,6.5,39
tt0008359,movie,1917,63,5.9,38
tt0008361,movie,1917,63,4.8,21
tt0008362,movie,1917,63,7.1,72
tt0008371,movie,1917,63,7.3,30
tt0008374,movie,1917,63,6.3,37
tt0008387,movie,1917,63,1.2,20
tt0008389,movie,1917,63,5.7,35
tt0008395,movie,1918,63,7,528
tt0008411,movie,1917,63,6.3,38
tt0008416,movie,1917,63,5.9,17
tt0008431,movie,1918,63,7,14
tt0008442,movie,1917,62,7.4,57
tt0008443,movie,1917,62,6.7,1397
tt0008458,movie,1917,62,6.5,102
tt0008489,movie,1917,62,6.5,162
tt0008496,movie,1917,62,7,18
tt0008498,movie,1917,62,6.4,102
tt0008499,movie,1917,62,6.2,838
tt0008510,movie,1917,62,5.5,9
tt0008519,movie,1917,62,5.9,813
tt0008536,movie,1917,62,7,181
tt0008539,movie,1917,62,5.6,26
tt0008541,movie,1917,62,5.4,104
tt0008544,movie,1917,61,7.6,26
tt0008550,movie,1917,61,6,117
tt0008551,movie,1917,61,5,48
tt0008561,movie,1917,61,6.3,107
tt0008571,movie,1917,61,6.6,87
tt0008579,movie,1917,61,5.3,23
tt0008608,movie,1917,61,6.7,38
tt0008623,movie,1917,61,7.2,23
tt0008634,movie,1917,61,6.3,506
tt0008652,movie,1917,61,6.1,140
tt0008662,movie,1917,61,5.6,50
tt0008663,movie,1917,61,7.4,1849
tt0008672,movie,1917,61,6.1,215
tt0008679,movie,1917,61,4.9,503
tt0008687,movie,1917,60,6.2,165
tt0008696,movie,1917,60,6.5,25
tt0008698,movie,1917,60,6,21
tt0008706,movie,1917,60,6.4,22
tt0008710,movie,1917,60,6.7,209
tt0008723,movie,1917,60,6.5,74
tt0008735,movie,1917,60,6.2,41
tt0008764,movie,1917,60,5.8,56
tt0008775,movie,1917,60,6.4,621
tt0008783,movie,1917,60,6.2,41
tt0008784,movie,1918,60,6,15
tt0008786,movie,1917,60,6.4,93
tt0008787,movie,1917,60,8.2,17
tt0008797,movie,1917,60,6.2,22
tt0008807,movie,1917,60,6.6,92
tt0008808,movie,1918,60,6.2,19
tt0008821,movie,1918,60,2.5,18
tt0008822,movie,1918,60,6.1,88
tt0008825,movie,1918,60,5.8,23
tt0008826,movie,1919,60,5.4,50
tt0008827,movie,1918,60,5.9,795
tt0008836,movie,1918,60,5.8,34
tt0008843,movie,1919,60,5.9,153
tt0008845,movie,1918,60,5.2,22
tt0008854,movie,1918,60,5.4,633
tt0008865,movie,1918,60,6.3,20
tt0008876,movie,1918,60,7.1,52
tt0008879,movie,1918,60,7.2,1773
tt0008891,movie,1918,60,7,886
tt0008892,movie,1918,60,6,100
tt0008918,movie,1918,60,6.4,31
tt0008923,movie,1918,60,5.6,30
tt0008930,movie,1918,60,5.9,149
tt0008950,movie,1918,60,6,331
tt0008951,movie,1918,60,5.4,19
tt0008978,movie,1918,60,4.8,84
tt0008990,movie,1918,60,6.6,23
tt0008998,movie,1918,60,7.4,19
tt0009014,movie,1918,60,6,183
tt0009017,movie,1918,60,7.7,37
tt0009020,movie,1918,60,7.4,20
tt0009026,movie,1918,60,6.4,117
tt0009046,movie,1918,60,6.2,18
tt0009047,movie,1918,60,6.7,43
tt0009062,movie,1917,60,6.2,571
tt0009079,movie,1918,60,6.8,38
tt0009086,movie,1918,60,5.4,308
tt0009096,movie,1918,60,5.8,33
tt0009104,movie,1918,60,6.8,62
tt0009109,movie,1919,60,6.4,112
tt0009128,movie,1918,60,6.6,21
tt0009130,movie,1918,60,6.7,68
tt0009131,movie,1919,60,2.1,18
tt0009133,movie,1918,60,6.9,82
tt0009136,movie,1917,60,6.7,27
tt0009137,movie,1918,60,7.3,26
tt0009142,movie,1918,60,6.2,58
tt0009145,movie,1918,60,5.9,95
tt0009150,movie,1918,60,6.5,983
tt0009153,movie,1918,60,6.1,226
tt0009193,movie,1918,60,5.9,19
tt0009205,movie,1918,60,7.6,22
tt0009209,movie,1918,60,6.5,29
tt0009212,movie,1918,60,6,20
tt0009220,movie,1919,60,7.1,15
tt0009233,movie,1918,60,5.4,22
tt0009240,movie,1918,60,5.9,43
tt0009241,movie,1918,60,5.2,629
tt0009252,movie,1918,60,6.4,38
tt0009273,movie,1918,60,6.5,80
tt0009278,movie,1918,60,7,18
tt0009279,movie,1918,60,5.4,19
tt0009289,movie,1918,60,7.4,17
tt0009304,movie,1918,60,5.1,23
tt0009305,movie,1918,60,6.1,24
tt0009306,movie,1918,60,7.1,54
tt0009309,movie,1918,60,6.6,51
tt0009325,movie,1918,60,6,31
tt0009326,movie,1918,60,6.5,142
tt0009334,movie,1918,60,6.6,18
tt0009356,movie,1918,60,5.3,655
tt0009358,movie,1918,60,6.3,16
tt0009369,movie,1918,60,5.9,1117
tt0009376,movie,1918,60,7.3,16
tt0009400,movie,1918,60,7,23
tt0009405,movie,1918,60,6.3,40
tt0009416,movie,1918,60,4.6,17
tt0009420,movie,1918,60,6.3,39
tt0009423,movie,1918,60,6.1,15
tt0009425,movie,1918,60,7.3,17
tt0009431,movie,1918,60,5.9,9
tt0009440,movie,1918,60,6.4,212
tt0009445,movie,1918,60,8.4,32
tt0009475,movie,1918,60,4.5,512
tt0009480,movie,1918,60,6.6,21
tt0009492,movie,1918,60,7.4,28
tt0009494,movie,1918,59,4.4,42
tt0009523,movie,1918,59,6.8,21
tt0009527,movie,1918,59,7.2,20
tt0009544,movie,1918,59,8.3,34
tt0009546,movie,1918,59,5.2,26
tt0009549,movie,1918,59,7.1,18
tt0009550,movie,1918,59,7.1,56
tt0009554,movie,1918,59,5.6,17
tt0009559,movie,1919,59,6.1,390
tt0009560,movie,1918,59,6.3,50
tt0009561,movie,1918,59,6,17
tt0009568,movie,1919,59,6.9,45
tt0009573,movie,1918,59,6.3,42
tt0009578,movie,1918,59,2.6,20
tt0009580,movie,1918,59,3.9,40
tt0009587,movie,1918,59,5,15
tt0009596,movie,1918,58,5.7,18
tt0009600,movie,1918,58,5.7,22
tt0009608,movie,1918,58,5.2,738
tt0009630,movie,1918,58,6.9,23
tt0009637,movie,1918,58,7.6,19
tt0009650,movie,1918,58,5.9,40
tt0009651,movie,1918,58,6.3,32
tt0009652,movie,1918,58,6.8,1452
tt0009666,movie,1918,58,7,15
tt0009677,movie,1918,58,6.8,23
tt0009682,movie,1918,58,5.8,786
tt0009690,movie,1918,58,4.4,43
tt0009694,movie,1918,58,6.3,105
tt0009696,movie,1918,58,4.4,43
tt0009700,movie,1918,57,5,17
tt0009701,movie,1918,57,7.1,347
tt0009702,movie,1918,57,5.8,21
tt0009721,movie,1917,57,6.7,26
tt0009737,movie,1918,57,5.9,130
tt0009750,movie,1918,57,4.4,20
tt0009757,movie,1918,57,7,47
tt0009765,movie,1918,57,5.1,50
tt0009766,movie,1918,56,5.4,24
tt0009789,movie,1918,56,6.1,15
tt0009790,movie,1918,56,5.8,13
tt0009796,movie,1918,56,6.8,311
tt0009811,movie,1918,56,4.7,45
tt0009825,movie,1918,56,6,38
tt0009827,movie,1918,56,5.5,21
tt0009829,movie,1918,56,5.4,27
tt0009837,movie,1918,56,4.5,60
tt0009842,movie,1918,56,6.6,19
tt0009843,movie,1918,56,6.4,13
tt0009858,movie,1919,56,6.7,34
tt0009859,movie,1919,56,4.9,63
tt0009861,movie,1919,56,1,17
tt0009878,movie,1919,56,7,1253
tt0009879,movie,1919,56,7.2,74
tt0009890,movie,1919,55,4.9,17
tt0009892,movie,1919,55,5.8,1146
tt0009893,movie,1919,55,7.2,1812
tt0009894,movie,1919,55,7.1,202
tt0009900,movie,1919,55,6.3,915
tt0009903,movie,1919,55,4,54
tt0009905,movie,1919,55,7.2,86
tt0009915,movie,1919,55,7.2,270
tt0009918,movie,1919,55,7.8,60
tt0009922,movie,1919,55,5,15
tt0009937,movie,1919,55,7,1463
tt0009950,movie,1919,55,5.2,52
tt0009960,movie,1919,55,6.9,19
tt0009968,movie,1919,55,7.3,9979
tt0009969,movie,1919,55,6.4,140
tt0009972,movie,1919,54,6,19
tt0009976,movie,1919,54,5.8,706
tt0009987,movie,1919,54,6.6,16
tt0009989,movie,1919,54,6.7,23
tt0009991,movie,1919,54,6.1,20
tt0010002,movie,1919,54,5,16
tt0010008,movie,1919,54,8.3,46
tt0010010,movie,1919,54,7.3,17
tt0010032,movie,1919,54,6.6,16
tt0010040,movie,1919,54,6.5,1397
tt0010045,movie,1919,54,5.4,57
tt0010049,movie,1919,54,8.1,48
tt0010060,movie,1919,54,6,861
tt0010061,movie,1919,54,6.9,69
tt0010071,movie,1919,54,6.6,1204
tt0010087,movie,1919,53,5.1,16
tt0010102,movie,1919,53,5.5,24
tt0010103,movie,1919,53,5.5,678
tt0010108,movie,1919,53,6.9,159
tt0010112,movie,1919,53,6,94
tt0010113,movie,1919,53,6.1,47
tt0010119,movie,1919,53,4.4,56
tt0010131,movie,1919,53,5.4,15
tt0010133,movie,1919,53,4.2,19
tt0010137,movie,1919,53,5.8,735
tt0010162,movie,1919,53,6.4,234
tt0010176,movie,1919,52,6.1,10
tt0010180,movie,1918,52,7,101
tt0010189,movie,1919,52,6.1,23
tt0010193,movie,1919,52,5.8,719
tt0010195,movie,1919,52,6.7,288
tt0010198,movie,1919,52,4.5,71
tt0010201,movie,1919,52,5.9,35
tt0010203,movie,1919,52,6.9,76
tt0010206,movie,1919,52,6.6,110
tt0010208,movie,1919,52,5.6,673
tt0010209,movie,1919,52,6.2,18
tt0010215,movie,1919,52,6.9,30
tt0010219,movie,1919,52,4.4,393
tt0010227,movie,1919,52,5.9,549
tt0010229,movie,1919,51,5.7,22
tt0010244,movie,1919,51,7.3,41
tt0010247,movie,1919,51,7.2,1350
tt0010248,movie,1919,51,6,54
tt0010255,movie,1919,51,6.3,82
tt0010259,movie,1919,51,6.6,39
tt0010267,movie,1919,51,6.7,983
tt0010276,movie,1919,50,5.3,21
tt0010281,movie,1918,50,6.9,1405
tt0010292,movie,1919,50,6.5,20
tt0010298,movie,1919,50,6.9,157
tt0010307,movie,1919,50,7.7,1678
tt0010313,movie,1919,50,5.5,34
tt0010315,movie,1919,50,6.8,32
tt0010319,movie,1919,50,1.9,18
tt0010325,movie,1919,50,5.7,22
tt0010330,movie,1919,50,7.1,58
tt0010331,movie,1919,50,6.6,22
tt0010352,movie,1919,50,5.3,24
tt0010356,movie,1919,50,6,58
tt0010357,movie,1919,50,5.9,42
tt0010386,movie,1919,50,6.7,117
tt0010402,movie,1919,50,6.4,74
tt0010408,movie,1919,50,3.5,25
tt0010418,movie,1919,50,7,1837
tt0010419,movie,1919,50,6.6,23
tt0010422,movie,1919,50,5.7,17
tt0010432,movie,1919,50,1.1,24
tt0010438,movie,1919,50,4.7,63
tt0010444,movie,1919,50,6.4,21
tt0010456,movie,1919,50,6,196
tt0010466,movie,1919,50,6.8,243
tt0010469,movie,1919,50,5.6,14
tt0010476,movie,1919,50,6.1,29
tt0010483,movie,1919,50,7.3,19
tt0010484,movie,1919,50,7,198
tt0010490,movie,1919,50,6.6,36
tt0010499,movie,1919,50,7.1,24
tt0010501,movie,1919,50,6,19
tt0010507,movie,1919,50,6.8,15
tt0010532,movie,1919,50,6.7,18
tt0010533,movie,1919,50,5.9,118
tt0010534,movie,1919,50,5.5,41
tt0010544,movie,1919,50,4.1,60
tt0010548,movie,1919,50,6.8,32
tt0010559,movie,1919,50,6.4,174
tt0010562,movie,1919,50,6.9,21
tt0010565,movie,1919,50,6.9,14
tt0010570,movie,1919,50,6.7,16
tt0010596,movie,1919,50,5.7,12
tt0010598,movie,1919,50,6.6,926
tt0010600,movie,1919,50,7.4,1888
tt0010616,movie,1919,50,6.5,70
tt0010622,movie,1919,50,6.8,13
tt0010628,movie,1919,50,4.7,55
tt0010629,movie,1919,50,4,43
tt0010630,movie,1919,50,5.5,18
tt0010635,movie,1919,50,5.3,626
tt0010640,movie,1919,50,3.9,45
tt0010641,movie,1919,50,6.5,30
tt0010654,movie,1919,50,4.1,18
tt0010662,movie,1919,50,5.1,455
tt0010674,movie,1919,50,6.5,34
tt0010680,movie,1919,50,6.4,268
tt0010690,movie,1919,50,5.9,17
tt0010694,movie,1919,50,6.5,24
tt0010703,movie,1919,50,6.4,38
tt0010715,movie,1919,50,6.1,20
tt0010719,movie,1919,50,7,14
tt0010726,movie,1919,50,6.6,1202
tt0010729,movie,1919,50,5.9,25
tt0010733,movie,1919,50,6.9,21
tt0010754,movie,1919,50,6.5,48
tt0010755,movie,1919,50,6.9,211
tt0010766,movie,1919,50,7.4,33
tt0010767,movie,1919,50,6.8,52
tt0010781,movie,1919,50,3.5,20
tt0010791,movie,1919,50,6.5,87
tt0010793,movie,1919,50,7,20
tt0010795,movie,1919,50,7,39
tt0010806,movie,1919,50,7,1763
tt0010813,movie,1919,50,7.8,11
tt0010821,movie,1919,50,6.5,517
tt0010822,movie,1919,50,6.1,23
tt0010844,movie,1919,50,6.6,396
tt0010847,movie,1919,50,6.4,25
tt0010849,movie,1919,50,6.6,27
tt0010853,movie,1919,50,6.6,185
tt0010879,movie,1919,50,6.9,869
tt0010890,movie,1919,50,6.5,409
tt0010900,movie,1919,50,2.1,18
tt0010905,movie,1919,50,8.3,39
tt0010920,movie,1919,50,6.3,28
tt0010925,movie,1919,50,5.5,772
tt0011241,movie,1919,50,3.3,31
tt0122328,movie,1917,50,6.1,12
tt0122466,movie,1919,50,6,18
tt0125242,movie,1916,50,4.7,34
tt0126284,movie,1915,50,5,15
tt0126375,movie,1919,50,6.2,8
tt0127014,movie,1916,50,5.2,16
tt0127028,movie,1919,50,6.1,107
tt0127544,movie,1915,50,6.2,70
tt0127630,movie,1917,50,6.1,62
tt0128276,movie,1918,50,2.9,26
tt0128813,movie,1916,50,6.5,336
tt0128954,movie,1911,50,5.4,120
tt0129045,movie,1915,50,5.4,15
tt0129219,movie,1917,50,4.7,11
tt0129323,movie,1915,50,5.5,18
tt0129339,movie,1915,50,4.5,10
tt0129968,movie,1919,50,2.9,26
tt0130001,movie,1916,50,6.7,25
tt0130002,movie,1916,50,6.4,16
tt0130004,movie,1916,50,6.6,19
tt0130005,movie,1917,50,6.2,17
tt0131434,movie,1911,50,5.7,38
tt0132127,movie,1918,50,6.3,51
tt0132278,movie,1916,50,6.4,34
tt0132536,movie,1913,50,5.6,63
tt0136578,movie,1915,50,6.1,21
tt0138846,movie,1913,50,4.8,16
tt0140641,movie,1919,50,7.3,48
tt0140869,movie,1918,50,5.4,54
tt0142199,movie,1917,50,6.2,39
tt0150388,movie,1919,50,6.6,574
tt0158877,movie,1916,50,7.9,19
tt0158973,movie,1916,50,5.4,22
tt0159534,movie,1916,50,5.2,17
tt0160056,movie,1917,50,4.1,29
tt0160467,movie,1918,50,6.7,86
tt0161378,movie,1918,50,6.7,45
tt0162496,movie,1915,50,6.1,72
tt0162536,movie,1914,50,6.5,262
tt0164083,movie,1913,50,4.7,19
tt0171301,movie,1918,50,5.6,48
tt0173837,movie,1915,50,6.5,138
tt0173845,movie,1915,50,6.9,40
tt0173869,movie,1916,50,6.9,123
tt0174714,movie,1917,50,5.9,23
tt0175524,movie,1918,50,6.2,133
tt0176834,movie,1912,50,6.3,103
tt0177041,movie,1915,50,5.4,31
tt0177163,movie,1913,50,5.9,25
tt0177651,movie,1917,50,6.8,23
tt0178376,movie,1917,50,7,10
tt0178759,movie,1917,50,4.5,23
tt0178983,movie,1904,50,5.4,326
tt0180306,movie,1916,50,6,41
tt0181629,movie,1918,50,4.5,20
tt0181715,movie,1917,50,7.4,29
tt0181744,movie,1917,50,7.7,19
tt0181759,movie,1910,50,3.8,16
tt0181765,movie,1917,50,5.4,19
tt0182401,movie,1917,50,5.3,14
tt0182427,movie,1917,50,5.5,19
tt0183803,movie,1919,50,7,35
tt0183812,movie,1914,50,6,12
tt0184033,movie,1917,50,7.1,85
tt0184572,movie,1918,50,5.4,33
tt0184703,movie,1913,50,5.9,58
tt0186650,movie,1917,50,7.2,941
tt0187473,movie,1918,50,7.3,30
tt0188405,movie,1914,50,5.7,25
tt0189984,movie,1909,50,6,12
tt0190038,movie,1918,50,5.4,105
tt0190137,movie,1918,50,7.5,15
tt0191251,movie,1919,50,2.4,35
tt0191263,movie,1919,50,7.8,50
tt0191323,movie,1911,50,5.9,186
tt0191896,movie,1919,50,6.6,226
tt0192441,movie,1919,50,5.6,16
tt0192570,movie,1919,50,6.6,15
tt0193375,movie,1912,50,5.2,34
tt0193434,movie,1917,50,3.6,33
tt0193571,movie,1918,50,5.7,31
tt0193947,movie,1919,50,6.7,46
tt0194248,movie,1911,50,5.7,142
tt0194536,movie,1919,50,6,15
tt0194860,movie,1917,50,6.4,23
tt0194889,movie,1917,50,7,34
tt0196172,movie,1912,50,3.9,23
tt0198559,movie,1919,50,7.3,521
tt0199732,movie,1914,50,5.5,25
tt0201063,movie,1914,50,6.5,83
tt0201403,movie,1912,50,5.8,107
tt0201501,movie,1916,50,2.7,13
tt0203943,movie,1910,50,6.2,20
tt0207334,movie,1919,50,7.2,17
tt0207409,movie,1913,50,6,36
tt0208601,movie,1913,50,5.4,8
tt0211075,movie,1915,50,6.3,35
tt0212633,movie,1916,50,6.8,420
tt0219645,movie,1919,50,6.7,32
tt0221228,movie,1918,50,5.2,31
tt0228185,movie,1918,50,2,14
tt0230366,movie,1899,50,3.9,65
tt0231984,movie,1913,50,5.7,31
tt0233985,movie,1910,50,5.8,124
tt0239639,movie,1913,50,4.6,20
tt0241044,movie,1918,50,7.5,15
tt0241548,movie,1917,50,6.2,35
tt0243880,movie,1912,50,7.3,26
tt0244967,movie,1914,50,4.6,23
tt0247195,movie,1919,50,6.4,19
tt0249383,movie,1915,50,7.4,65
tt0253174,movie,1919,50,5.5,99
tt0257435,movie,1919,50,4.5,15
tt0261935,movie,1916,50,7.2,38
tt0266688,movie,1911,50,6.1,196
tt0266894,movie,1900,50,6,39
tt0278325,movie,1916,50,6.9,26
tt0279914,movie,1916,50,5.5,58
tt0289221,movie,1916,50,5.9,39
tt0291338,movie,1900,50,5.8,16
tt0299498,movie,1911,50,4.5,25
tt0299510,movie,1918,50,5.8,72
tt0309507,movie,1916,50,7.4,16
tt0310692,movie,1913,50,6.4,179
tt0311681,movie,1913,50,6.2,87
tt0311692,movie,1916,50,6.4,17
tt0313622,movie,1916,50,3.8,44
tt0316241,movie,1913,50,5,169
tt0319120,movie,1919,50,5,11
tt0319904,movie,1912,50,6.8,358
tt0321185,movie,1917,50,6.7,20
tt0321656,movie,1916,50,7,13
tt0322038,movie,1916,50,6.1,12
tt0322123,movie,1917,50,7.2,7
tt0322124,movie,1916,50,6.2,62
tt0330236,movie,1917,50,6.2,26
tt0331084,movie,1918,50,4.5,36
tt0336247,movie,1913,50,6.4,48
tt0336428,movie,1917,50,6.9,73
tt0342837,movie,1912,50,7,7
tt0348304,movie,1916,50,5.7,25
tt0350950,movie,1918,50,4.7,12
tt0351037,movie,1916,50,6.1,34
tt0356838,movie,1915,50,6.5,19
tt0361094,movie,1911,50,4.8,49
tt0368309,movie,1913,50,6.6,607
tt0393807,movie,1913,50,5.7,68
tt0400955,movie,1913,50,5.9,21
tt0418056,movie,1916,50,7.1,41
tt0427592,movie,1919,50,6.6,250
tt0427653,movie,1917,50,1,16
tt0434033,movie,1913,50,6.6,15
tt0436670,movie,1916,50,6.4,17
tt0438377,movie,1914,50,6.8,71
tt0438537,movie,1915,49,5.6,12
tt0440511,movie,1913,49,5.6,12
tt0441279,movie,1918,49,5.8,11
tt0442327,movie,1918,49,6.2,42
tt0449233,movie,1914,49,6.2,28
tt0455390,movie,1914,49,7.3,20
tt0456835,movie,1917,49,5,11
tt0461834,movie,1914,49,6.4,14
tt0466434,movie,1912,48,5.8,48
tt0478582,movie,1917,48,5.5,17
tt0497639,movie,1918,48,6.3,119
tt0499428,movie,1917,48,7.8,50
tt0783751,movie,1918,48,6.4,20
tt0795927,movie,1915,48,6.1,138
tt0891538,movie,1918,48,6.5,16
tt0921785,movie,1914,48,4.5,17
tt0953324,movie,1918,48,5.9,37
tt0963313,movie,1918,48,5.4,19
tt0978622,movie,1915,48,6.1,25
tt10028410,movie,1915,48,5,7
tt1041763,movie,1913,48,5.2,30
tt1138127,movie,1918,48,5.5,19
tt12432806,movie,1918,47,7.7,12
tt12432826,movie,1914,47,7.5,16
tt1265120,movie,1914,47,6.7,21
tt1337250,movie,1910,47,6.1,28
tt14006802,movie,1905,47,6.4,7
tt1411608,movie,1915,46,4.4,7
tt1453259,movie,1917,46,7.1,24
tt1611210,movie,1910,46,4.4,14
tt1672749,movie,1918,46,6.6,31
tt1796396,movie,1918,46,5.5,16
tt1799590,movie,1907,46,6.6,47
tt1829708,movie,1912,46,6.1,23
tt2122384,movie,1916,46,7,165
tt2122389,movie,1916,45,7,174
tt2122391,movie,1916,45,7,164
tt2122392,movie,1916,45,6.8,176
tt2122393,movie,1916,45,6.8,173
tt2189300,movie,1913,45,5.5,32
tt2210499,movie,1896,45,6.4,13
tt2261737,movie,1919,45,7.3,18
tt2364210,movie,1914,45,6,26
tt2399036,movie,1913,45,6,26
tt2746744,movie,1917,45,6.5,48
tt2751416,movie,1919,45,5,9
tt4288356,movie,1913,45,6.1,39
tt4695394,movie,1914,45,6,10
tt5505320,movie,1916,45,6.8,47
tt6350952,movie,1914,45,5.7,8
tt8801828,movie,1918,45,6.7,10